Fact_Budgets_PK,Season,Season_FK,Flowtype,Budget_sub_category,Fundig_Source,Budget_date,Budget_date_FK,Amount,Scouts_origin,Participants_Camp_by_season,Duration_Days_Camp_by_season,scd_start,scd_end,scd_version,scd_active
1,2024-2025,2,Cash,Different,Expenditure,24-07-2024,20240724,0,Grombalia,205,23,2026-04-06 05:00:23.660,2026-04-06 05:00:23.660,1,0
2,2024-2025,2,Cash,Medias,Expenditure,24-07-2024,20240724,0,Grombalia,205,23,2026-04-06 05:00:23.660,2026-04-06 05:00:23.660,2,0
3,2024-2025,2,Cash,Insurance And Treatment,Expenditure,24-07-2024,20240724,0,Grombalia,205,23,2026-04-06 05:00:23.660,2026-04-06 05:00:23.660,3,0
4,2024-2025,2,Cash,Salaries,Expenditure,24-07-2024,20240724,0,Grombalia,205,23,2026-04-06 05:00:23.660,2026-04-06 05:00:23.660,4,0
5,2024-2025,2,Cash,Educational Equipment,Expenditure,24-07-2024,20240724,3500,Grombalia,205,23,2026-04-06 05:00:23.660,2026-04-06 05:00:23.660,5,0
6,2024-2025,2,Cash,Trips,Expenditure,24-07-2024,20240724,0,Grombalia,205,23,2026-04-06 05:00:23.660,2026-04-06 05:00:23.660,6,0
7,2024-2025,2,Cash,Equipment,Expenditure,24-07-2024,20240724,0,Grombalia,205,23,2026-04-06 05:00:23.660,2026-04-06 05:00:23.660,7,0
8,2024-2025,2,Cash,Transport,Expenditure,24-07-2024,20240724,0,Grombalia,205,23,2026-04-06 05:00:23.660,2026-04-06 05:00:23.660,8,0
9,2024-2025,2,Cash,Food,Expenditure,24-07-2024,20240724,0,Grombalia,205,23,2026-04-06 05:00:23.660,NULL,9,1
10,2024-2025,2,Cash,Different,Expenditure,22-07-2024,20240722,0,Grombalia,205,23,2026-04-06 05:00:23.660,2026-04-06 05:00:23.660,1,0
11,2024-2025,2,Cash,Medias,Expenditure,22-07-2024,20240722,0,Grombalia,205,23,2026-04-06 05:00:23.660,2026-04-06 05:00:23.660,2,0
12,2024-2025,2,Cash,Insurance And Treatment,Expenditure,22-07-2024,20240722,0,Grombalia,205,23,2026-04-06 05:00:23.660,2026-04-06 05:00:23.660,3,0
13,2024-2025,2,Cash,Salaries,Expenditure,22-07-2024,20240722,0,Grombalia,205,23,2026-04-06 05:00:23.660,2026-04-06 05:00:23.660,4,0
14,2024-2025,2,Cash,Educational Equipment,Expenditure,22-07-2024,20240722,64000,Grombalia,205,23,2026-04-06 05:00:23.660,2026-04-06 05:00:23.660,5,0
15,2024-2025,2,Cash,Trips,Expenditure,22-07-2024,20240722,0,Grombalia,205,23,2026-04-06 05:00:23.660,2026-04-06 05:00:23.660,6,0
16,2024-2025,2,Cash,Equipment,Expenditure,22-07-2024,20240722,0,Grombalia,205,23,2026-04-06 05:00:23.660,2026-04-06 05:00:23.660,7,0
17,2024-2025,2,Cash,Transport,Expenditure,22-07-2024,20240722,0,Grombalia,205,23,2026-04-06 05:00:23.660,2026-04-06 05:00:23.660,8,0
18,2024-2025,2,Cash,Food,Expenditure,22-07-2024,20240722,0,Grombalia,205,23,2026-04-06 05:00:23.660,NULL,9,1
19,2024-2025,2,Cheque,Different,Expenditure,18-08-2024,20240818,0,Grombalia,205,23,2026-04-06 05:00:23.660,2026-04-06 05:00:23.660,1,0
20,2024-2025,2,Cheque,Medias,Expenditure,18-08-2024,20240818,0,Grombalia,205,23,2026-04-06 05:00:23.660,2026-04-06 05:00:23.660,2,0
21,2024-2025,2,Cheque,Insurance And Treatment,Expenditure,18-08-2024,20240818,0,Grombalia,205,23,2026-04-06 05:00:23.660,2026-04-06 05:00:23.660,3,0
22,2024-2025,2,Cheque,Salaries,Expenditure,18-08-2024,20240818,0,Grombalia,205,23,2026-04-06 05:00:23.660,2026-04-06 05:00:23.660,4,0
23,2024-2025,2,Cheque,Educational Equipment,Expenditure,18-08-2024,20240818,0,Grombalia,205,23,2026-04-06 05:00:23.660,2026-04-06 05:00:23.660,5,0
24,2024-2025,2,Cheque,Trips,Expenditure,18-08-2024,20240818,0,Grombalia,205,23,2026-04-06 05:00:23.660,2026-04-06 05:00:23.660,6,0
25,2024-2025,2,Cheque,Equipment,Expenditure,18-08-2024,20240818,0,Grombalia,205,23,2026-04-06 05:00:23.660,2026-04-06 05:00:23.660,7,0
26,2024-2025,2,Cheque,Transport,Expenditure,18-08-2024,20240818,0,Grombalia,205,23,2026-04-06 05:00:23.660,2026-04-06 05:00:23.660,8,0
27,2024-2025,2,Cheque,Food,Expenditure,18-08-2024,20240818,121556,Grombalia,205,23,2026-04-06 05:00:23.660,2026-04-06 05:00:23.660,9,0
28,2024-2025,2,Cash,Different,Expenditure,19-08-2024,20240819,11900,Grombalia,205,23,2026-04-06 05:00:23.660,2026-04-06 05:00:23.660,1,0
29,2024-2025,2,Cash,Medias,Expenditure,19-08-2024,20240819,0,Grombalia,205,23,2026-04-06 05:00:23.660,2026-04-06 05:00:23.660,2,0
30,2024-2025,2,Cash,Insurance And Treatment,Expenditure,19-08-2024,20240819,0,Grombalia,205,23,2026-04-06 05:00:23.660,2026-04-06 05:00:23.660,3,0
31,2024-2025,2,Cash,Salaries,Expenditure,19-08-2024,20240819,0,Grombalia,205,23,2026-04-06 05:00:23.660,2026-04-06 05:00:23.660,4,0
32,2024-2025,2,Cash,Educational Equipment,Expenditure,19-08-2024,20240819,0,Grombalia,205,23,2026-04-06 05:00:23.660,2026-04-06 05:00:23.660,5,0
33,2024-2025,2,Cash,Trips,Expenditure,19-08-2024,20240819,0,Grombalia,205,23,2026-04-06 05:00:23.660,2026-04-06 05:00:23.660,6,0
34,2024-2025,2,Cash,Equipment,Expenditure,19-08-2024,20240819,0,Grombalia,205,23,2026-04-06 05:00:23.660,2026-04-06 05:00:23.660,7,0
35,2024-2025,2,Cash,Transport,Expenditure,19-08-2024,20240819,0,Grombalia,205,23,2026-04-06 05:00:23.660,2026-04-06 05:00:23.660,8,0
36,2024-2025,2,Cash,Food,Expenditure,19-08-2024,20240819,0,Grombalia,205,23,2026-04-06 05:00:23.660,2026-04-06 05:00:23.660,9,0
37,2024-2025,2,Cash,Different,Expenditure,19-08-2024,20240819,0,Grombalia,205,23,2026-04-06 05:00:23.660,2026-04-06 05:00:23.660,10,0
38,2024-2025,2,Cash,Medias,Expenditure,19-08-2024,20240819,0,Grombalia,205,23,2026-04-06 05:00:23.660,2026-04-06 05:00:23.660,11,0
39,2024-2025,2,Cash,Insurance And Treatment,Expenditure,19-08-2024,20240819,0,Grombalia,205,23,2026-04-06 05:00:23.660,2026-04-06 05:00:23.660,12,0
40,2024-2025,2,Cash,Salaries,Expenditure,19-08-2024,20240819,0,Grombalia,205,23,2026-04-06 05:00:23.660,2026-04-06 05:00:23.660,13,0
41,2024-2025,2,Cash,Educational Equipment,Expenditure,19-08-2024,20240819,0,Grombalia,205,23,2026-04-06 05:00:23.660,2026-04-06 05:00:23.660,14,0
42,2024-2025,2,Cash,Trips,Expenditure,19-08-2024,20240819,180000,Grombalia,205,23,2026-04-06 05:00:23.660,2026-04-06 05:00:23.660,15,0
43,2024-2025,2,Cash,Equipment,Expenditure,19-08-2024,20240819,0,Grombalia,205,23,2026-04-06 05:00:23.660,2026-04-06 05:00:23.660,16,0
44,2024-2025,2,Cash,Transport,Expenditure,19-08-2024,20240819,0,Grombalia,205,23,2026-04-06 05:00:23.660,2026-04-06 05:00:23.660,17,0
45,2024-2025,2,Cash,Food,Expenditure,19-08-2024,20240819,0,Grombalia,205,23,2026-04-06 05:00:23.660,2026-04-06 05:00:23.660,18,0
46,2024-2025,2,Cash,Different,Expenditure,14-08-2024,20240814,0,Grombalia,205,23,2026-04-06 05:00:23.660,2026-04-06 05:00:23.660,1,0
47,2024-2025,2,Cash,Medias,Expenditure,14-08-2024,20240814,0,Grombalia,205,23,2026-04-06 05:00:23.660,2026-04-06 05:00:23.660,2,0
48,2024-2025,2,Cash,Insurance And Treatment,Expenditure,14-08-2024,20240814,0,Grombalia,205,23,2026-04-06 05:00:23.660,2026-04-06 05:00:23.660,3,0
49,2024-2025,2,Cash,Salaries,Expenditure,14-08-2024,20240814,0,Grombalia,205,23,2026-04-06 05:00:23.660,2026-04-06 05:00:23.660,4,0
50,2024-2025,2,Cash,Educational Equipment,Expenditure,14-08-2024,20240814,0,Grombalia,205,23,2026-04-06 05:00:23.660,2026-04-06 05:00:23.660,5,0
51,2024-2025,2,Cash,Trips,Expenditure,14-08-2024,20240814,0,Grombalia,205,23,2026-04-06 05:00:23.660,2026-04-06 05:00:23.660,6,0
52,2024-2025,2,Cash,Equipment,Expenditure,14-08-2024,20240814,144000,Grombalia,205,23,2026-04-06 05:00:23.660,2026-04-06 05:00:23.660,7,0
53,2024-2025,2,Cash,Transport,Expenditure,14-08-2024,20240814,0,Grombalia,205,23,2026-04-06 05:00:23.660,2026-04-06 05:00:23.660,8,0
54,2024-2025,2,Cash,Food,Expenditure,14-08-2024,20240814,0,Grombalia,205,23,2026-04-06 05:00:23.660,NULL,9,1
55,2024-2025,2,Cheque,Different,Expenditure,19-08-2024,20240819,0,Grombalia,205,23,2026-04-06 05:00:23.660,2026-04-06 05:00:23.660,19,0
56,2024-2025,2,Cheque,Medias,Expenditure,19-08-2024,20240819,0,Grombalia,205,23,2026-04-06 05:00:23.660,2026-04-06 05:00:23.660,20,0
57,2024-2025,2,Cheque,Insurance And Treatment,Expenditure,19-08-2024,20240819,0,Grombalia,205,23,2026-04-06 05:00:23.660,2026-04-06 05:00:23.660,21,0
58,2024-2025,2,Cheque,Salaries,Expenditure,19-08-2024,20240819,0,Grombalia,205,23,2026-04-06 05:00:23.660,2026-04-06 05:00:23.660,22,0
59,2024-2025,2,Cheque,Educational Equipment,Expenditure,19-08-2024,20240819,0,Grombalia,205,23,2026-04-06 05:00:23.660,2026-04-06 05:00:23.660,23,0
60,2024-2025,2,Cheque,Trips,Expenditure,19-08-2024,20240819,0,Grombalia,205,23,2026-04-06 05:00:23.660,2026-04-06 05:00:23.660,24,0
61,2024-2025,2,Cheque,Equipment,Expenditure,19-08-2024,20240819,77000,Grombalia,205,23,2026-04-06 05:00:23.660,2026-04-06 05:00:23.660,25,0
62,2024-2025,2,Cheque,Transport,Expenditure,19-08-2024,20240819,0,Grombalia,205,23,2026-04-06 05:00:23.660,2026-04-06 05:00:23.660,26,0
63,2024-2025,2,Cheque,Food,Expenditure,19-08-2024,20240819,0,Grombalia,205,23,2026-04-06 05:00:23.660,2026-04-06 05:00:23.660,27,0
64,2024-2025,2,Cash,Different,Expenditure,19-08-2024,20240819,0,Grombalia,205,23,2026-04-06 05:00:23.660,2026-04-06 05:00:23.660,28,0
65,2024-2025,2,Cash,Medias,Expenditure,19-08-2024,20240819,0,Grombalia,205,23,2026-04-06 05:00:23.660,2026-04-06 05:00:23.660,29,0
66,2024-2025,2,Cash,Insurance And Treatment,Expenditure,19-08-2024,20240819,0,Grombalia,205,23,2026-04-06 05:00:23.660,2026-04-06 05:00:23.660,30,0
67,2024-2025,2,Cash,Salaries,Expenditure,19-08-2024,20240819,0,Grombalia,205,23,2026-04-06 05:00:23.660,2026-04-06 05:00:23.660,31,0
68,2024-2025,2,Cash,Educational Equipment,Expenditure,19-08-2024,20240819,0,Grombalia,205,23,2026-04-06 05:00:23.660,2026-04-06 05:00:23.660,32,0
69,2024-2025,2,Cash,Trips,Expenditure,19-08-2024,20240819,0,Grombalia,205,23,2026-04-06 05:00:23.660,2026-04-06 05:00:23.660,33,0
70,2024-2025,2,Cash,Equipment,Expenditure,19-08-2024,20240819,0,Grombalia,205,23,2026-04-06 05:00:23.660,2026-04-06 05:00:23.660,34,0
71,2024-2025,2,Cash,Transport,Expenditure,19-08-2024,20240819,0,Grombalia,205,23,2026-04-06 05:00:23.660,2026-04-06 05:00:23.660,35,0
72,2024-2025,2,Cash,Food,Expenditure,19-08-2024,20240819,2700,Grombalia,205,23,2026-04-06 05:00:23.660,2026-04-06 05:00:23.660,36,0
73,2024-2025,2,Cash,Different,Expenditure,19-08-2024,20240819,0,Grombalia,205,23,2026-04-06 05:00:23.660,2026-04-06 05:00:23.660,37,0
74,2024-2025,2,Cash,Medias,Expenditure,19-08-2024,20240819,0,Grombalia,205,23,2026-04-06 05:00:23.660,2026-04-06 05:00:23.660,38,0
75,2024-2025,2,Cash,Insurance And Treatment,Expenditure,19-08-2024,20240819,0,Grombalia,205,23,2026-04-06 05:00:23.660,2026-04-06 05:00:23.660,39,0
76,2024-2025,2,Cash,Salaries,Expenditure,19-08-2024,20240819,0,Grombalia,205,23,2026-04-06 05:00:23.660,2026-04-06 05:00:23.660,40,0
77,2024-2025,2,Cash,Educational Equipment,Expenditure,19-08-2024,20240819,0,Grombalia,205,23,2026-04-06 05:00:23.660,2026-04-06 05:00:23.660,41,0
78,2024-2025,2,Cash,Trips,Expenditure,19-08-2024,20240819,0,Grombalia,205,23,2026-04-06 05:00:23.660,2026-04-06 05:00:23.660,42,0
79,2024-2025,2,Cash,Equipment,Expenditure,19-08-2024,20240819,0,Grombalia,205,23,2026-04-06 05:00:23.660,2026-04-06 05:00:23.660,43,0
80,2024-2025,2,Cash,Transport,Expenditure,19-08-2024,20240819,0,Grombalia,205,23,2026-04-06 05:00:23.660,2026-04-06 05:00:23.660,44,0
81,2024-2025,2,Cash,Food,Expenditure,19-08-2024,20240819,20000,Grombalia,205,23,2026-04-06 05:00:23.660,2026-04-06 05:00:23.660,45,0
82,2024-2025,2,Cash,Different,Expenditure,19-08-2024,20240819,0,Grombalia,205,23,2026-04-06 05:00:23.660,2026-04-06 05:00:23.660,46,0
83,2024-2025,2,Cash,Medias,Expenditure,19-08-2024,20240819,0,Grombalia,205,23,2026-04-06 05:00:23.660,2026-04-06 05:00:23.660,47,0
84,2024-2025,2,Cash,Insurance And Treatment,Expenditure,19-08-2024,20240819,0,Grombalia,205,23,2026-04-06 05:00:23.660,2026-04-06 05:00:23.660,48,0
85,2024-2025,2,Cash,Salaries,Expenditure,19-08-2024,20240819,0,Grombalia,205,23,2026-04-06 05:00:23.660,2026-04-06 05:00:23.660,49,0
86,2024-2025,2,Cash,Educational Equipment,Expenditure,19-08-2024,20240819,0,Grombalia,205,23,2026-04-06 05:00:23.660,2026-04-06 05:00:23.660,50,0
87,2024-2025,2,Cash,Trips,Expenditure,19-08-2024,20240819,0,Grombalia,205,23,2026-04-06 05:00:23.660,2026-04-06 05:00:23.660,51,0
88,2024-2025,2,Cash,Equipment,Expenditure,19-08-2024,20240819,0,Grombalia,205,23,2026-04-06 05:00:23.660,2026-04-06 05:00:23.660,52,0
89,2024-2025,2,Cash,Transport,Expenditure,19-08-2024,20240819,0,Grombalia,205,23,2026-04-06 05:00:23.660,2026-04-06 05:00:23.660,53,0
90,2024-2025,2,Cash,Food,Expenditure,19-08-2024,20240819,43721,Grombalia,205,23,2026-04-06 05:00:23.660,NULL,54,1
91,2024-2025,2,Cash,Different,Expenditure,20-08-2024,20240820,0,Grombalia,205,23,2026-04-06 05:00:23.660,2026-04-06 05:00:23.660,1,0
92,2024-2025,2,Cash,Medias,Expenditure,20-08-2024,20240820,0,Grombalia,205,23,2026-04-06 05:00:23.660,2026-04-06 05:00:23.660,2,0
93,2024-2025,2,Cash,Insurance And Treatment,Expenditure,20-08-2024,20240820,0,Grombalia,205,23,2026-04-06 05:00:23.660,2026-04-06 05:00:23.660,3,0
94,2024-2025,2,Cash,Salaries,Expenditure,20-08-2024,20240820,0,Grombalia,205,23,2026-04-06 05:00:23.660,2026-04-06 05:00:23.660,4,0
95,2024-2025,2,Cash,Educational Equipment,Expenditure,20-08-2024,20240820,0,Grombalia,205,23,2026-04-06 05:00:23.660,2026-04-06 05:00:23.660,5,0
96,2024-2025,2,Cash,Trips,Expenditure,20-08-2024,20240820,0,Grombalia,205,23,2026-04-06 05:00:23.660,2026-04-06 05:00:23.660,6,0
97,2024-2025,2,Cash,Equipment,Expenditure,20-08-2024,20240820,0,Grombalia,205,23,2026-04-06 05:00:23.660,2026-04-06 05:00:23.660,7,0
98,2024-2025,2,Cash,Transport,Expenditure,20-08-2024,20240820,0,Grombalia,205,23,2026-04-06 05:00:23.660,2026-04-06 05:00:23.660,8,0
99,2024-2025,2,Cash,Food,Expenditure,20-08-2024,20240820,2401,Grombalia,205,23,2026-04-06 05:00:23.660,2026-04-06 05:00:23.660,9,0
100,2024-2025,2,Cash,Different,Expenditure,20-08-2024,20240820,0,Grombalia,205,23,2026-04-06 05:00:23.660,2026-04-06 05:00:23.660,10,0
101,2024-2025,2,Cash,Medias,Expenditure,20-08-2024,20240820,0,Grombalia,205,23,2026-04-06 05:00:23.660,2026-04-06 05:00:23.660,11,0
102,2024-2025,2,Cash,Insurance And Treatment,Expenditure,20-08-2024,20240820,0,Grombalia,205,23,2026-04-06 05:00:23.660,2026-04-06 05:00:23.660,12,0
103,2024-2025,2,Cash,Salaries,Expenditure,20-08-2024,20240820,0,Grombalia,205,23,2026-04-06 05:00:23.660,2026-04-06 05:00:23.660,13,0
104,2024-2025,2,Cash,Educational Equipment,Expenditure,20-08-2024,20240820,0,Grombalia,205,23,2026-04-06 05:00:23.660,2026-04-06 05:00:23.660,14,0
105,2024-2025,2,Cash,Trips,Expenditure,20-08-2024,20240820,0,Grombalia,205,23,2026-04-06 05:00:23.660,2026-04-06 05:00:23.660,15,0
106,2024-2025,2,Cash,Equipment,Expenditure,20-08-2024,20240820,0,Grombalia,205,23,2026-04-06 05:00:23.660,2026-04-06 05:00:23.660,16,0
107,2024-2025,2,Cash,Transport,Expenditure,20-08-2024,20240820,0,Grombalia,205,23,2026-04-06 05:00:23.660,2026-04-06 05:00:23.660,17,0
108,2024-2025,2,Cash,Food,Expenditure,20-08-2024,20240820,4086,Grombalia,205,23,2026-04-06 05:00:23.660,2026-04-06 05:00:23.660,18,0
109,2024-2025,2,Cash,Different,Expenditure,20-08-2024,20240820,0,Grombalia,205,23,2026-04-06 05:00:23.660,2026-04-06 05:00:23.660,19,0
110,2024-2025,2,Cash,Medias,Expenditure,20-08-2024,20240820,0,Grombalia,205,23,2026-04-06 05:00:23.660,2026-04-06 05:00:23.660,20,0
111,2024-2025,2,Cash,Insurance And Treatment,Expenditure,20-08-2024,20240820,0,Grombalia,205,23,2026-04-06 05:00:23.660,2026-04-06 05:00:23.660,21,0
112,2024-2025,2,Cash,Salaries,Expenditure,20-08-2024,20240820,0,Grombalia,205,23,2026-04-06 05:00:23.660,2026-04-06 05:00:23.660,22,0
113,2024-2025,2,Cash,Educational Equipment,Expenditure,20-08-2024,20240820,0,Grombalia,205,23,2026-04-06 05:00:23.660,2026-04-06 05:00:23.660,23,0
114,2024-2025,2,Cash,Trips,Expenditure,20-08-2024,20240820,0,Grombalia,205,23,2026-04-06 05:00:23.660,2026-04-06 05:00:23.660,24,0
115,2024-2025,2,Cash,Equipment,Expenditure,20-08-2024,20240820,0,Grombalia,205,23,2026-04-06 05:00:23.660,2026-04-06 05:00:23.660,25,0
116,2024-2025,2,Cash,Transport,Expenditure,20-08-2024,20240820,0,Grombalia,205,23,2026-04-06 05:00:23.660,2026-04-06 05:00:23.660,26,0
117,2024-2025,2,Cash,Food,Expenditure,20-08-2024,20240820,8850,Grombalia,205,23,2026-04-06 05:00:23.660,2026-04-06 05:00:23.660,27,0
118,2024-2025,2,Cash,Different,Expenditure,20-08-2024,20240820,0,Grombalia,205,23,2026-04-06 05:00:23.660,2026-04-06 05:00:23.660,28,0
119,2024-2025,2,Cash,Medias,Expenditure,20-08-2024,20240820,0,Grombalia,205,23,2026-04-06 05:00:23.660,2026-04-06 05:00:23.660,29,0
120,2024-2025,2,Cash,Insurance And Treatment,Expenditure,20-08-2024,20240820,0,Grombalia,205,23,2026-04-06 05:00:23.660,2026-04-06 05:00:23.660,30,0
121,2024-2025,2,Cash,Salaries,Expenditure,20-08-2024,20240820,0,Grombalia,205,23,2026-04-06 05:00:23.660,2026-04-06 05:00:23.660,31,0
122,2024-2025,2,Cash,Educational Equipment,Expenditure,20-08-2024,20240820,0,Grombalia,205,23,2026-04-06 05:00:23.660,2026-04-06 05:00:23.660,32,0
123,2024-2025,2,Cash,Trips,Expenditure,20-08-2024,20240820,0,Grombalia,205,23,2026-04-06 05:00:23.660,2026-04-06 05:00:23.660,33,0
124,2024-2025,2,Cash,Equipment,Expenditure,20-08-2024,20240820,0,Grombalia,205,23,2026-04-06 05:00:23.660,2026-04-06 05:00:23.660,34,0
125,2024-2025,2,Cash,Transport,Expenditure,20-08-2024,20240820,0,Grombalia,205,23,2026-04-06 05:00:23.660,2026-04-06 05:00:23.660,35,0
126,2024-2025,2,Cash,Food,Expenditure,20-08-2024,20240820,30500,Grombalia,205,23,2026-04-06 05:00:23.660,2026-04-06 05:00:23.660,36,0
127,2024-2025,2,Cash,Different,Expenditure,20-08-2024,20240820,0,Grombalia,205,23,2026-04-06 05:00:23.660,2026-04-06 05:00:23.660,37,0
128,2024-2025,2,Cash,Medias,Expenditure,20-08-2024,20240820,0,Grombalia,205,23,2026-04-06 05:00:23.660,2026-04-06 05:00:23.660,38,0
129,2024-2025,2,Cash,Insurance And Treatment,Expenditure,20-08-2024,20240820,0,Grombalia,205,23,2026-04-06 05:00:23.660,2026-04-06 05:00:23.660,39,0
130,2024-2025,2,Cash,Salaries,Expenditure,20-08-2024,20240820,0,Grombalia,205,23,2026-04-06 05:00:23.660,2026-04-06 05:00:23.660,40,0
131,2024-2025,2,Cash,Educational Equipment,Expenditure,20-08-2024,20240820,0,Grombalia,205,23,2026-04-06 05:00:23.660,2026-04-06 05:00:23.660,41,0
132,2024-2025,2,Cash,Trips,Expenditure,20-08-2024,20240820,0,Grombalia,205,23,2026-04-06 05:00:23.660,2026-04-06 05:00:23.660,42,0
133,2024-2025,2,Cash,Equipment,Expenditure,20-08-2024,20240820,0,Grombalia,205,23,2026-04-06 05:00:23.660,2026-04-06 05:00:23.660,43,0
134,2024-2025,2,Cash,Transport,Expenditure,20-08-2024,20240820,0,Grombalia,205,23,2026-04-06 05:00:23.660,2026-04-06 05:00:23.660,44,0
135,2024-2025,2,Cash,Food,Expenditure,20-08-2024,20240820,13005,Grombalia,205,23,2026-04-06 05:00:23.660,NULL,45,1
136,2024-2025,2,Cash,Different,Expenditure,21-08-2024,20240821,0,Grombalia,205,23,2026-04-06 05:00:23.660,2026-04-06 05:00:23.660,1,0
137,2024-2025,2,Cash,Medias,Expenditure,21-08-2024,20240821,0,Grombalia,205,23,2026-04-06 05:00:23.660,2026-04-06 05:00:23.660,2,0
138,2024-2025,2,Cash,Insurance And Treatment,Expenditure,21-08-2024,20240821,0,Grombalia,205,23,2026-04-06 05:00:23.660,2026-04-06 05:00:23.660,3,0
139,2024-2025,2,Cash,Salaries,Expenditure,21-08-2024,20240821,0,Grombalia,205,23,2026-04-06 05:00:23.660,2026-04-06 05:00:23.660,4,0
140,2024-2025,2,Cash,Educational Equipment,Expenditure,21-08-2024,20240821,0,Grombalia,205,23,2026-04-06 05:00:23.660,2026-04-06 05:00:23.660,5,0
141,2024-2025,2,Cash,Trips,Expenditure,21-08-2024,20240821,0,Grombalia,205,23,2026-04-06 05:00:23.660,2026-04-06 05:00:23.660,6,0
142,2024-2025,2,Cash,Equipment,Expenditure,21-08-2024,20240821,0,Grombalia,205,23,2026-04-06 05:00:23.660,2026-04-06 05:00:23.660,7,0
143,2024-2025,2,Cash,Transport,Expenditure,21-08-2024,20240821,0,Grombalia,205,23,2026-04-06 05:00:23.660,2026-04-06 05:00:23.660,8,0
144,2024-2025,2,Cash,Food,Expenditure,21-08-2024,20240821,30000,Grombalia,205,23,2026-04-06 05:00:23.660,2026-04-06 05:00:23.660,9,0
145,2024-2025,2,Cash,Different,Expenditure,21-08-2024,20240821,0,Grombalia,205,23,2026-04-06 05:00:23.660,2026-04-06 05:00:23.660,10,0
146,2024-2025,2,Cash,Medias,Expenditure,21-08-2024,20240821,0,Grombalia,205,23,2026-04-06 05:00:23.660,2026-04-06 05:00:23.660,11,0
147,2024-2025,2,Cash,Insurance And Treatment,Expenditure,21-08-2024,20240821,0,Grombalia,205,23,2026-04-06 05:00:23.660,2026-04-06 05:00:23.660,12,0
148,2024-2025,2,Cash,Salaries,Expenditure,21-08-2024,20240821,0,Grombalia,205,23,2026-04-06 05:00:23.660,2026-04-06 05:00:23.660,13,0
149,2024-2025,2,Cash,Educational Equipment,Expenditure,21-08-2024,20240821,0,Grombalia,205,23,2026-04-06 05:00:23.660,2026-04-06 05:00:23.660,14,0
150,2024-2025,2,Cash,Trips,Expenditure,21-08-2024,20240821,0,Grombalia,205,23,2026-04-06 05:00:23.660,2026-04-06 05:00:23.660,15,0
151,2024-2025,2,Cash,Equipment,Expenditure,21-08-2024,20240821,0,Grombalia,205,23,2026-04-06 05:00:23.660,2026-04-06 05:00:23.660,16,0
152,2024-2025,2,Cash,Transport,Expenditure,21-08-2024,20240821,0,Grombalia,205,23,2026-04-06 05:00:23.660,2026-04-06 05:00:23.660,17,0
153,2024-2025,2,Cash,Food,Expenditure,21-08-2024,20240821,12164,Grombalia,205,23,2026-04-06 05:00:23.660,2026-04-06 05:00:23.660,18,0
154,2024-2025,2,Cash,Different,Expenditure,21-08-2024,20240821,0,Grombalia,205,23,2026-04-06 05:00:23.660,2026-04-06 05:00:23.660,19,0
155,2024-2025,2,Cash,Medias,Expenditure,21-08-2024,20240821,0,Grombalia,205,23,2026-04-06 05:00:23.660,2026-04-06 05:00:23.660,20,0
156,2024-2025,2,Cash,Insurance And Treatment,Expenditure,21-08-2024,20240821,0,Grombalia,205,23,2026-04-06 05:00:23.660,2026-04-06 05:00:23.660,21,0
157,2024-2025,2,Cash,Salaries,Expenditure,21-08-2024,20240821,0,Grombalia,205,23,2026-04-06 05:00:23.660,2026-04-06 05:00:23.660,22,0
158,2024-2025,2,Cash,Educational Equipment,Expenditure,21-08-2024,20240821,0,Grombalia,205,23,2026-04-06 05:00:23.660,2026-04-06 05:00:23.660,23,0
159,2024-2025,2,Cash,Trips,Expenditure,21-08-2024,20240821,0,Grombalia,205,23,2026-04-06 05:00:23.660,2026-04-06 05:00:23.660,24,0
160,2024-2025,2,Cash,Equipment,Expenditure,21-08-2024,20240821,0,Grombalia,205,23,2026-04-06 05:00:23.660,2026-04-06 05:00:23.660,25,0
161,2024-2025,2,Cash,Transport,Expenditure,21-08-2024,20240821,0,Grombalia,205,23,2026-04-06 05:00:23.660,2026-04-06 05:00:23.660,26,0
162,2024-2025,2,Cash,Food,Expenditure,21-08-2024,20240821,29210,Grombalia,205,23,2026-04-06 05:00:23.660,2026-04-06 05:00:23.660,27,0
163,2024-2025,2,Cash,Different,Expenditure,21-08-2024,20240821,0,Grombalia,205,23,2026-04-06 05:00:23.660,2026-04-06 05:00:23.660,28,0
164,2024-2025,2,Cash,Medias,Expenditure,21-08-2024,20240821,0,Grombalia,205,23,2026-04-06 05:00:23.660,2026-04-06 05:00:23.660,29,0
165,2024-2025,2,Cash,Insurance And Treatment,Expenditure,21-08-2024,20240821,0,Grombalia,205,23,2026-04-06 05:00:23.660,2026-04-06 05:00:23.660,30,0
166,2024-2025,2,Cash,Salaries,Expenditure,21-08-2024,20240821,0,Grombalia,205,23,2026-04-06 05:00:23.660,2026-04-06 05:00:23.660,31,0
167,2024-2025,2,Cash,Educational Equipment,Expenditure,21-08-2024,20240821,0,Grombalia,205,23,2026-04-06 05:00:23.660,2026-04-06 05:00:23.660,32,0
168,2024-2025,2,Cash,Trips,Expenditure,21-08-2024,20240821,0,Grombalia,205,23,2026-04-06 05:00:23.660,2026-04-06 05:00:23.660,33,0
169,2024-2025,2,Cash,Equipment,Expenditure,21-08-2024,20240821,0,Grombalia,205,23,2026-04-06 05:00:23.660,2026-04-06 05:00:23.660,34,0
170,2024-2025,2,Cash,Transport,Expenditure,21-08-2024,20240821,0,Grombalia,205,23,2026-04-06 05:00:23.660,2026-04-06 05:00:23.660,35,0
171,2024-2025,2,Cash,Food,Expenditure,21-08-2024,20240821,7350,Grombalia,205,23,2026-04-06 05:00:23.660,2026-04-06 05:00:23.660,36,0
172,2024-2025,2,Cash,Different,Expenditure,21-08-2024,20240821,0,Grombalia,205,23,2026-04-06 05:00:23.660,2026-04-06 05:00:23.660,37,0
173,2024-2025,2,Cash,Medias,Expenditure,21-08-2024,20240821,0,Grombalia,205,23,2026-04-06 05:00:23.660,2026-04-06 05:00:23.660,38,0
174,2024-2025,2,Cash,Insurance And Treatment,Expenditure,21-08-2024,20240821,25000,Grombalia,205,23,2026-04-06 05:00:23.660,2026-04-06 05:00:23.660,39,0
175,2024-2025,2,Cash,Salaries,Expenditure,21-08-2024,20240821,0,Grombalia,205,23,2026-04-06 05:00:23.660,2026-04-06 05:00:23.660,40,0
176,2024-2025,2,Cash,Educational Equipment,Expenditure,21-08-2024,20240821,0,Grombalia,205,23,2026-04-06 05:00:23.660,2026-04-06 05:00:23.660,41,0
177,2024-2025,2,Cash,Trips,Expenditure,21-08-2024,20240821,0,Grombalia,205,23,2026-04-06 05:00:23.660,2026-04-06 05:00:23.660,42,0
178,2024-2025,2,Cash,Equipment,Expenditure,21-08-2024,20240821,0,Grombalia,205,23,2026-04-06 05:00:23.660,2026-04-06 05:00:23.660,43,0
179,2024-2025,2,Cash,Transport,Expenditure,21-08-2024,20240821,0,Grombalia,205,23,2026-04-06 05:00:23.660,2026-04-06 05:00:23.660,44,0
180,2024-2025,2,Cash,Food,Expenditure,21-08-2024,20240821,0,Grombalia,205,23,2026-04-06 05:00:23.660,2026-04-06 05:00:23.660,45,0
181,2024-2025,2,Cash,Different,Expenditure,21-08-2024,20240821,180000,Grombalia,205,23,2026-04-06 05:00:23.660,2026-04-06 05:00:23.660,46,0
182,2024-2025,2,Cash,Medias,Expenditure,21-08-2024,20240821,0,Grombalia,205,23,2026-04-06 05:00:23.660,2026-04-06 05:00:23.660,47,0
183,2024-2025,2,Cash,Insurance And Treatment,Expenditure,21-08-2024,20240821,0,Grombalia,205,23,2026-04-06 05:00:23.660,2026-04-06 05:00:23.660,48,0
184,2024-2025,2,Cash,Salaries,Expenditure,21-08-2024,20240821,0,Grombalia,205,23,2026-04-06 05:00:23.660,2026-04-06 05:00:23.660,49,0
185,2024-2025,2,Cash,Educational Equipment,Expenditure,21-08-2024,20240821,0,Grombalia,205,23,2026-04-06 05:00:23.660,2026-04-06 05:00:23.660,50,0
186,2024-2025,2,Cash,Trips,Expenditure,21-08-2024,20240821,0,Grombalia,205,23,2026-04-06 05:00:23.660,2026-04-06 05:00:23.660,51,0
187,2024-2025,2,Cash,Equipment,Expenditure,21-08-2024,20240821,0,Grombalia,205,23,2026-04-06 05:00:23.660,2026-04-06 05:00:23.660,52,0
188,2024-2025,2,Cash,Transport,Expenditure,21-08-2024,20240821,0,Grombalia,205,23,2026-04-06 05:00:23.660,2026-04-06 05:00:23.660,53,0
189,2024-2025,2,Cash,Food,Expenditure,21-08-2024,20240821,0,Grombalia,205,23,2026-04-06 05:00:23.660,NULL,54,1
190,2024-2025,2,Cash,Different,Expenditure,22-08-2024,20240822,0,Grombalia,205,23,2026-04-06 05:00:23.660,2026-04-06 05:00:23.660,1,0
191,2024-2025,2,Cash,Medias,Expenditure,22-08-2024,20240822,0,Grombalia,205,23,2026-04-06 05:00:23.660,2026-04-06 05:00:23.660,2,0
192,2024-2025,2,Cash,Insurance And Treatment,Expenditure,22-08-2024,20240822,0,Grombalia,205,23,2026-04-06 05:00:23.660,2026-04-06 05:00:23.660,3,0
193,2024-2025,2,Cash,Salaries,Expenditure,22-08-2024,20240822,0,Grombalia,205,23,2026-04-06 05:00:23.660,2026-04-06 05:00:23.660,4,0
194,2024-2025,2,Cash,Educational Equipment,Expenditure,22-08-2024,20240822,0,Grombalia,205,23,2026-04-06 05:00:23.660,2026-04-06 05:00:23.660,5,0
195,2024-2025,2,Cash,Trips,Expenditure,22-08-2024,20240822,0,Grombalia,205,23,2026-04-06 05:00:23.660,2026-04-06 05:00:23.660,6,0
196,2024-2025,2,Cash,Equipment,Expenditure,22-08-2024,20240822,0,Grombalia,205,23,2026-04-06 05:00:23.660,2026-04-06 05:00:23.660,7,0
197,2024-2025,2,Cash,Transport,Expenditure,22-08-2024,20240822,0,Grombalia,205,23,2026-04-06 05:00:23.660,2026-04-06 05:00:23.660,8,0
198,2024-2025,2,Cash,Food,Expenditure,22-08-2024,20240822,55600,Grombalia,205,23,2026-04-06 05:00:23.660,2026-04-06 05:00:23.660,9,0
199,2024-2025,2,Cash,Different,Expenditure,22-08-2024,20240822,0,Grombalia,205,23,2026-04-06 05:00:23.660,2026-04-06 05:00:23.660,10,0
200,2024-2025,2,Cash,Medias,Expenditure,22-08-2024,20240822,0,Grombalia,205,23,2026-04-06 05:00:23.660,2026-04-06 05:00:23.660,11,0
201,2024-2025,2,Cash,Insurance And Treatment,Expenditure,22-08-2024,20240822,0,Grombalia,205,23,2026-04-06 05:00:23.660,2026-04-06 05:00:23.660,12,0
202,2024-2025,2,Cash,Salaries,Expenditure,22-08-2024,20240822,0,Grombalia,205,23,2026-04-06 05:00:23.660,2026-04-06 05:00:23.660,13,0
203,2024-2025,2,Cash,Educational Equipment,Expenditure,22-08-2024,20240822,0,Grombalia,205,23,2026-04-06 05:00:23.660,2026-04-06 05:00:23.660,14,0
204,2024-2025,2,Cash,Trips,Expenditure,22-08-2024,20240822,0,Grombalia,205,23,2026-04-06 05:00:23.660,2026-04-06 05:00:23.660,15,0
205,2024-2025,2,Cash,Equipment,Expenditure,22-08-2024,20240822,0,Grombalia,205,23,2026-04-06 05:00:23.660,2026-04-06 05:00:23.660,16,0
206,2024-2025,2,Cash,Transport,Expenditure,22-08-2024,20240822,0,Grombalia,205,23,2026-04-06 05:00:23.660,2026-04-06 05:00:23.660,17,0
207,2024-2025,2,Cash,Food,Expenditure,22-08-2024,20240822,48530,Grombalia,205,23,2026-04-06 05:00:23.660,2026-04-06 05:00:23.660,18,0
208,2024-2025,2,Cash,Different,Expenditure,22-08-2024,20240822,0,Grombalia,205,23,2026-04-06 05:00:23.660,2026-04-06 05:00:23.660,19,0
209,2024-2025,2,Cash,Medias,Expenditure,22-08-2024,20240822,0,Grombalia,205,23,2026-04-06 05:00:23.660,2026-04-06 05:00:23.660,20,0
210,2024-2025,2,Cash,Insurance And Treatment,Expenditure,22-08-2024,20240822,0,Grombalia,205,23,2026-04-06 05:00:23.660,2026-04-06 05:00:23.660,21,0
211,2024-2025,2,Cash,Salaries,Expenditure,22-08-2024,20240822,0,Grombalia,205,23,2026-04-06 05:00:23.660,2026-04-06 05:00:23.660,22,0
212,2024-2025,2,Cash,Educational Equipment,Expenditure,22-08-2024,20240822,0,Grombalia,205,23,2026-04-06 05:00:23.660,2026-04-06 05:00:23.660,23,0
213,2024-2025,2,Cash,Trips,Expenditure,22-08-2024,20240822,0,Grombalia,205,23,2026-04-06 05:00:23.660,2026-04-06 05:00:23.660,24,0
214,2024-2025,2,Cash,Equipment,Expenditure,22-08-2024,20240822,0,Grombalia,205,23,2026-04-06 05:00:23.660,2026-04-06 05:00:23.660,25,0
215,2024-2025,2,Cash,Transport,Expenditure,22-08-2024,20240822,0,Grombalia,205,23,2026-04-06 05:00:23.660,2026-04-06 05:00:23.660,26,0
216,2024-2025,2,Cash,Food,Expenditure,22-08-2024,20240822,2000,Grombalia,205,23,2026-04-06 05:00:23.660,2026-04-06 05:00:23.660,27,0
217,2024-2025,2,Cash,Different,Expenditure,22-08-2024,20240822,0,Grombalia,205,23,2026-04-06 05:00:23.660,2026-04-06 05:00:23.660,28,0
218,2024-2025,2,Cash,Medias,Expenditure,22-08-2024,20240822,0,Grombalia,205,23,2026-04-06 05:00:23.660,2026-04-06 05:00:23.660,29,0
219,2024-2025,2,Cash,Insurance And Treatment,Expenditure,22-08-2024,20240822,0,Grombalia,205,23,2026-04-06 05:00:23.660,2026-04-06 05:00:23.660,30,0
220,2024-2025,2,Cash,Salaries,Expenditure,22-08-2024,20240822,0,Grombalia,205,23,2026-04-06 05:00:23.660,2026-04-06 05:00:23.660,31,0
221,2024-2025,2,Cash,Educational Equipment,Expenditure,22-08-2024,20240822,0,Grombalia,205,23,2026-04-06 05:00:23.660,2026-04-06 05:00:23.660,32,0
222,2024-2025,2,Cash,Trips,Expenditure,22-08-2024,20240822,0,Grombalia,205,23,2026-04-06 05:00:23.660,2026-04-06 05:00:23.660,33,0
223,2024-2025,2,Cash,Equipment,Expenditure,22-08-2024,20240822,0,Grombalia,205,23,2026-04-06 05:00:23.660,2026-04-06 05:00:23.660,34,0
224,2024-2025,2,Cash,Transport,Expenditure,22-08-2024,20240822,0,Grombalia,205,23,2026-04-06 05:00:23.660,2026-04-06 05:00:23.660,35,0
225,2024-2025,2,Cash,Food,Expenditure,22-08-2024,20240822,1960,Grombalia,205,23,2026-04-06 05:00:23.660,2026-04-06 05:00:23.660,36,0
226,2024-2025,2,Cash,Different,Expenditure,22-08-2024,20240822,0,Grombalia,205,23,2026-04-06 05:00:23.660,2026-04-06 05:00:23.660,37,0
227,2024-2025,2,Cash,Medias,Expenditure,22-08-2024,20240822,0,Grombalia,205,23,2026-04-06 05:00:23.660,2026-04-06 05:00:23.660,38,0
228,2024-2025,2,Cash,Insurance And Treatment,Expenditure,22-08-2024,20240822,5490,Grombalia,205,23,2026-04-06 05:00:23.660,2026-04-06 05:00:23.660,39,0
229,2024-2025,2,Cash,Salaries,Expenditure,22-08-2024,20240822,0,Grombalia,205,23,2026-04-06 05:00:23.660,2026-04-06 05:00:23.660,40,0
230,2024-2025,2,Cash,Educational Equipment,Expenditure,22-08-2024,20240822,0,Grombalia,205,23,2026-04-06 05:00:23.660,2026-04-06 05:00:23.660,41,0
231,2024-2025,2,Cash,Trips,Expenditure,22-08-2024,20240822,0,Grombalia,205,23,2026-04-06 05:00:23.660,2026-04-06 05:00:23.660,42,0
232,2024-2025,2,Cash,Equipment,Expenditure,22-08-2024,20240822,0,Grombalia,205,23,2026-04-06 05:00:23.660,2026-04-06 05:00:23.660,43,0
233,2024-2025,2,Cash,Transport,Expenditure,22-08-2024,20240822,0,Grombalia,205,23,2026-04-06 05:00:23.660,2026-04-06 05:00:23.660,44,0
234,2024-2025,2,Cash,Food,Expenditure,22-08-2024,20240822,0,Grombalia,205,23,2026-04-06 05:00:23.660,2026-04-06 05:00:23.660,45,0
235,2024-2025,2,Cash,Different,Expenditure,22-08-2024,20240822,0,Grombalia,205,23,2026-04-06 05:00:23.660,2026-04-06 05:00:23.660,46,0
236,2024-2025,2,Cash,Medias,Expenditure,22-08-2024,20240822,0,Grombalia,205,23,2026-04-06 05:00:23.660,2026-04-06 05:00:23.660,47,0
237,2024-2025,2,Cash,Insurance And Treatment,Expenditure,22-08-2024,20240822,0,Grombalia,205,23,2026-04-06 05:00:23.660,2026-04-06 05:00:23.660,48,0
238,2024-2025,2,Cash,Salaries,Expenditure,22-08-2024,20240822,0,Grombalia,205,23,2026-04-06 05:00:23.660,2026-04-06 05:00:23.660,49,0
239,2024-2025,2,Cash,Educational Equipment,Expenditure,22-08-2024,20240822,0,Grombalia,205,23,2026-04-06 05:00:23.660,2026-04-06 05:00:23.660,50,0
240,2024-2025,2,Cash,Trips,Expenditure,22-08-2024,20240822,0,Grombalia,205,23,2026-04-06 05:00:23.660,2026-04-06 05:00:23.660,51,0
241,2024-2025,2,Cash,Equipment,Expenditure,22-08-2024,20240822,0,Grombalia,205,23,2026-04-06 05:00:23.660,2026-04-06 05:00:23.660,52,0
242,2024-2025,2,Cash,Transport,Expenditure,22-08-2024,20240822,0,Grombalia,205,23,2026-04-06 05:00:23.660,2026-04-06 05:00:23.660,53,0
243,2024-2025,2,Cash,Food,Expenditure,22-08-2024,20240822,46600,Grombalia,205,23,2026-04-06 05:00:23.660,NULL,54,1
244,2024-2025,2,Cash,Different,Expenditure,23-08-2024,20240823,0,Grombalia,205,23,2026-04-06 05:00:23.660,2026-04-06 05:00:23.660,1,0
245,2024-2025,2,Cash,Medias,Expenditure,23-08-2024,20240823,0,Grombalia,205,23,2026-04-06 05:00:23.660,2026-04-06 05:00:23.660,2,0
246,2024-2025,2,Cash,Insurance And Treatment,Expenditure,23-08-2024,20240823,0,Grombalia,205,23,2026-04-06 05:00:23.660,2026-04-06 05:00:23.660,3,0
247,2024-2025,2,Cash,Salaries,Expenditure,23-08-2024,20240823,0,Grombalia,205,23,2026-04-06 05:00:23.660,2026-04-06 05:00:23.660,4,0
248,2024-2025,2,Cash,Educational Equipment,Expenditure,23-08-2024,20240823,0,Grombalia,205,23,2026-04-06 05:00:23.660,2026-04-06 05:00:23.660,5,0
249,2024-2025,2,Cash,Trips,Expenditure,23-08-2024,20240823,0,Grombalia,205,23,2026-04-06 05:00:23.660,2026-04-06 05:00:23.660,6,0
250,2024-2025,2,Cash,Equipment,Expenditure,23-08-2024,20240823,0,Grombalia,205,23,2026-04-06 05:00:23.660,2026-04-06 05:00:23.660,7,0
251,2024-2025,2,Cash,Transport,Expenditure,23-08-2024,20240823,0,Grombalia,205,23,2026-04-06 05:00:23.660,2026-04-06 05:00:23.660,8,0
252,2024-2025,2,Cash,Food,Expenditure,23-08-2024,20240823,70515,Grombalia,205,23,2026-04-06 05:00:23.660,2026-04-06 05:00:23.660,9,0
253,2024-2025,2,Cash,Different,Expenditure,23-08-2024,20240823,0,Grombalia,205,23,2026-04-06 05:00:23.660,2026-04-06 05:00:23.660,10,0
254,2024-2025,2,Cash,Medias,Expenditure,23-08-2024,20240823,0,Grombalia,205,23,2026-04-06 05:00:23.660,2026-04-06 05:00:23.660,11,0
255,2024-2025,2,Cash,Insurance And Treatment,Expenditure,23-08-2024,20240823,0,Grombalia,205,23,2026-04-06 05:00:23.660,2026-04-06 05:00:23.660,12,0
256,2024-2025,2,Cash,Salaries,Expenditure,23-08-2024,20240823,0,Grombalia,205,23,2026-04-06 05:00:23.660,2026-04-06 05:00:23.660,13,0
257,2024-2025,2,Cash,Educational Equipment,Expenditure,23-08-2024,20240823,0,Grombalia,205,23,2026-04-06 05:00:23.660,2026-04-06 05:00:23.660,14,0
258,2024-2025,2,Cash,Trips,Expenditure,23-08-2024,20240823,0,Grombalia,205,23,2026-04-06 05:00:23.660,2026-04-06 05:00:23.660,15,0
259,2024-2025,2,Cash,Equipment,Expenditure,23-08-2024,20240823,0,Grombalia,205,23,2026-04-06 05:00:23.660,2026-04-06 05:00:23.660,16,0
260,2024-2025,2,Cash,Transport,Expenditure,23-08-2024,20240823,0,Grombalia,205,23,2026-04-06 05:00:23.660,2026-04-06 05:00:23.660,17,0
261,2024-2025,2,Cash,Food,Expenditure,23-08-2024,20240823,8950,Grombalia,205,23,2026-04-06 05:00:23.660,2026-04-06 05:00:23.660,18,0
262,2024-2025,2,Cash,Different,Expenditure,23-08-2024,20240823,0,Grombalia,205,23,2026-04-06 05:00:23.660,2026-04-06 05:00:23.660,19,0
263,2024-2025,2,Cash,Medias,Expenditure,23-08-2024,20240823,0,Grombalia,205,23,2026-04-06 05:00:23.660,2026-04-06 05:00:23.660,20,0
264,2024-2025,2,Cash,Insurance And Treatment,Expenditure,23-08-2024,20240823,0,Grombalia,205,23,2026-04-06 05:00:23.660,2026-04-06 05:00:23.660,21,0
265,2024-2025,2,Cash,Salaries,Expenditure,23-08-2024,20240823,0,Grombalia,205,23,2026-04-06 05:00:23.660,2026-04-06 05:00:23.660,22,0
266,2024-2025,2,Cash,Educational Equipment,Expenditure,23-08-2024,20240823,0,Grombalia,205,23,2026-04-06 05:00:23.660,2026-04-06 05:00:23.660,23,0
267,2024-2025,2,Cash,Trips,Expenditure,23-08-2024,20240823,0,Grombalia,205,23,2026-04-06 05:00:23.660,2026-04-06 05:00:23.660,24,0
268,2024-2025,2,Cash,Equipment,Expenditure,23-08-2024,20240823,0,Grombalia,205,23,2026-04-06 05:00:23.660,2026-04-06 05:00:23.660,25,0
269,2024-2025,2,Cash,Transport,Expenditure,23-08-2024,20240823,0,Grombalia,205,23,2026-04-06 05:00:23.660,2026-04-06 05:00:23.660,26,0
270,2024-2025,2,Cash,Food,Expenditure,23-08-2024,20240823,36450,Grombalia,205,23,2026-04-06 05:00:23.660,2026-04-06 05:00:23.660,27,0
271,2024-2025,2,Cash,Different,Expenditure,23-08-2024,20240823,146000,Grombalia,205,23,2026-04-06 05:00:23.660,2026-04-06 05:00:23.660,28,0
272,2024-2025,2,Cash,Medias,Expenditure,23-08-2024,20240823,0,Grombalia,205,23,2026-04-06 05:00:23.660,2026-04-06 05:00:23.660,29,0
273,2024-2025,2,Cash,Insurance And Treatment,Expenditure,23-08-2024,20240823,0,Grombalia,205,23,2026-04-06 05:00:23.660,2026-04-06 05:00:23.660,30,0
274,2024-2025,2,Cash,Salaries,Expenditure,23-08-2024,20240823,0,Grombalia,205,23,2026-04-06 05:00:23.660,2026-04-06 05:00:23.660,31,0
275,2024-2025,2,Cash,Educational Equipment,Expenditure,23-08-2024,20240823,0,Grombalia,205,23,2026-04-06 05:00:23.660,2026-04-06 05:00:23.660,32,0
276,2024-2025,2,Cash,Trips,Expenditure,23-08-2024,20240823,0,Grombalia,205,23,2026-04-06 05:00:23.660,2026-04-06 05:00:23.660,33,0
277,2024-2025,2,Cash,Equipment,Expenditure,23-08-2024,20240823,0,Grombalia,205,23,2026-04-06 05:00:23.660,2026-04-06 05:00:23.660,34,0
278,2024-2025,2,Cash,Transport,Expenditure,23-08-2024,20240823,0,Grombalia,205,23,2026-04-06 05:00:23.660,2026-04-06 05:00:23.660,35,0
279,2024-2025,2,Cash,Food,Expenditure,23-08-2024,20240823,0,Grombalia,205,23,2026-04-06 05:00:23.660,NULL,36,1
280,2024-2025,2,Cash,Different,Expenditure,24-08-2024,20240824,0,Grombalia,205,23,2026-04-06 05:00:23.660,2026-04-06 05:00:23.660,1,0
281,2024-2025,2,Cash,Medias,Expenditure,24-08-2024,20240824,0,Grombalia,205,23,2026-04-06 05:00:23.660,2026-04-06 05:00:23.660,2,0
282,2024-2025,2,Cash,Insurance And Treatment,Expenditure,24-08-2024,20240824,0,Grombalia,205,23,2026-04-06 05:00:23.660,2026-04-06 05:00:23.660,3,0
283,2024-2025,2,Cash,Salaries,Expenditure,24-08-2024,20240824,0,Grombalia,205,23,2026-04-06 05:00:23.660,2026-04-06 05:00:23.660,4,0
284,2024-2025,2,Cash,Educational Equipment,Expenditure,24-08-2024,20240824,0,Grombalia,205,23,2026-04-06 05:00:23.660,2026-04-06 05:00:23.660,5,0
285,2024-2025,2,Cash,Trips,Expenditure,24-08-2024,20240824,0,Grombalia,205,23,2026-04-06 05:00:23.660,2026-04-06 05:00:23.660,6,0
286,2024-2025,2,Cash,Equipment,Expenditure,24-08-2024,20240824,0,Grombalia,205,23,2026-04-06 05:00:23.660,2026-04-06 05:00:23.660,7,0
287,2024-2025,2,Cash,Transport,Expenditure,24-08-2024,20240824,0,Grombalia,205,23,2026-04-06 05:00:23.660,2026-04-06 05:00:23.660,8,0
288,2024-2025,2,Cash,Food,Expenditure,24-08-2024,20240824,3400,Grombalia,205,23,2026-04-06 05:00:23.660,2026-04-06 05:00:23.660,9,0
289,2024-2025,2,Cash,Different,Expenditure,24-08-2024,20240824,0,Grombalia,205,23,2026-04-06 05:00:23.660,2026-04-06 05:00:23.660,10,0
290,2024-2025,2,Cash,Medias,Expenditure,24-08-2024,20240824,0,Grombalia,205,23,2026-04-06 05:00:23.660,2026-04-06 05:00:23.660,11,0
291,2024-2025,2,Cash,Insurance And Treatment,Expenditure,24-08-2024,20240824,0,Grombalia,205,23,2026-04-06 05:00:23.660,2026-04-06 05:00:23.660,12,0
292,2024-2025,2,Cash,Salaries,Expenditure,24-08-2024,20240824,0,Grombalia,205,23,2026-04-06 05:00:23.660,2026-04-06 05:00:23.660,13,0
293,2024-2025,2,Cash,Educational Equipment,Expenditure,24-08-2024,20240824,0,Grombalia,205,23,2026-04-06 05:00:23.660,2026-04-06 05:00:23.660,14,0
294,2024-2025,2,Cash,Trips,Expenditure,24-08-2024,20240824,0,Grombalia,205,23,2026-04-06 05:00:23.660,2026-04-06 05:00:23.660,15,0
295,2024-2025,2,Cash,Equipment,Expenditure,24-08-2024,20240824,0,Grombalia,205,23,2026-04-06 05:00:23.660,2026-04-06 05:00:23.660,16,0
296,2024-2025,2,Cash,Transport,Expenditure,24-08-2024,20240824,0,Grombalia,205,23,2026-04-06 05:00:23.660,2026-04-06 05:00:23.660,17,0
297,2024-2025,2,Cash,Food,Expenditure,24-08-2024,20240824,2200,Grombalia,205,23,2026-04-06 05:00:23.660,2026-04-06 05:00:23.660,18,0
298,2024-2025,2,Cash,Different,Expenditure,24-08-2024,20240824,0,Grombalia,205,23,2026-04-06 05:00:23.660,2026-04-06 05:00:23.660,19,0
299,2024-2025,2,Cash,Medias,Expenditure,24-08-2024,20240824,0,Grombalia,205,23,2026-04-06 05:00:23.660,2026-04-06 05:00:23.660,20,0
300,2024-2025,2,Cash,Insurance And Treatment,Expenditure,24-08-2024,20240824,0,Grombalia,205,23,2026-04-06 05:00:23.660,2026-04-06 05:00:23.660,21,0
301,2024-2025,2,Cash,Salaries,Expenditure,24-08-2024,20240824,0,Grombalia,205,23,2026-04-06 05:00:23.660,2026-04-06 05:00:23.660,22,0
302,2024-2025,2,Cash,Educational Equipment,Expenditure,24-08-2024,20240824,0,Grombalia,205,23,2026-04-06 05:00:23.660,2026-04-06 05:00:23.660,23,0
303,2024-2025,2,Cash,Trips,Expenditure,24-08-2024,20240824,0,Grombalia,205,23,2026-04-06 05:00:23.660,2026-04-06 05:00:23.660,24,0
304,2024-2025,2,Cash,Equipment,Expenditure,24-08-2024,20240824,0,Grombalia,205,23,2026-04-06 05:00:23.660,2026-04-06 05:00:23.660,25,0
305,2024-2025,2,Cash,Transport,Expenditure,24-08-2024,20240824,0,Grombalia,205,23,2026-04-06 05:00:23.660,2026-04-06 05:00:23.660,26,0
306,2024-2025,2,Cash,Food,Expenditure,24-08-2024,20240824,42300,Grombalia,205,23,2026-04-06 05:00:23.660,2026-04-06 05:00:23.660,27,0
307,2024-2025,2,Cash,Different,Expenditure,24-08-2024,20240824,0,Grombalia,205,23,2026-04-06 05:00:23.660,2026-04-06 05:00:23.660,28,0
308,2024-2025,2,Cash,Medias,Expenditure,24-08-2024,20240824,0,Grombalia,205,23,2026-04-06 05:00:23.660,2026-04-06 05:00:23.660,29,0
309,2024-2025,2,Cash,Insurance And Treatment,Expenditure,24-08-2024,20240824,0,Grombalia,205,23,2026-04-06 05:00:23.660,2026-04-06 05:00:23.660,30,0
310,2024-2025,2,Cash,Salaries,Expenditure,24-08-2024,20240824,0,Grombalia,205,23,2026-04-06 05:00:23.660,2026-04-06 05:00:23.660,31,0
311,2024-2025,2,Cash,Educational Equipment,Expenditure,24-08-2024,20240824,0,Grombalia,205,23,2026-04-06 05:00:23.660,2026-04-06 05:00:23.660,32,0
312,2024-2025,2,Cash,Trips,Expenditure,24-08-2024,20240824,0,Grombalia,205,23,2026-04-06 05:00:23.660,2026-04-06 05:00:23.660,33,0
313,2024-2025,2,Cash,Equipment,Expenditure,24-08-2024,20240824,0,Grombalia,205,23,2026-04-06 05:00:23.660,2026-04-06 05:00:23.660,34,0
314,2024-2025,2,Cash,Transport,Expenditure,24-08-2024,20240824,0,Grombalia,205,23,2026-04-06 05:00:23.660,2026-04-06 05:00:23.660,35,0
315,2024-2025,2,Cash,Food,Expenditure,24-08-2024,20240824,83531,Grombalia,205,23,2026-04-06 05:00:23.660,2026-04-06 05:00:23.660,36,0
316,2024-2025,2,Cash,Different,Expenditure,24-08-2024,20240824,0,Grombalia,205,23,2026-04-06 05:00:23.660,2026-04-06 05:00:23.660,37,0
317,2024-2025,2,Cash,Medias,Expenditure,24-08-2024,20240824,0,Grombalia,205,23,2026-04-06 05:00:23.660,2026-04-06 05:00:23.660,38,0
318,2024-2025,2,Cash,Insurance And Treatment,Expenditure,24-08-2024,20240824,0,Grombalia,205,23,2026-04-06 05:00:23.660,2026-04-06 05:00:23.660,39,0
319,2024-2025,2,Cash,Salaries,Expenditure,24-08-2024,20240824,0,Grombalia,205,23,2026-04-06 05:00:23.660,2026-04-06 05:00:23.660,40,0
320,2024-2025,2,Cash,Educational Equipment,Expenditure,24-08-2024,20240824,0,Grombalia,205,23,2026-04-06 05:00:23.660,2026-04-06 05:00:23.660,41,0
321,2024-2025,2,Cash,Trips,Expenditure,24-08-2024,20240824,0,Grombalia,205,23,2026-04-06 05:00:23.660,2026-04-06 05:00:23.660,42,0
322,2024-2025,2,Cash,Equipment,Expenditure,24-08-2024,20240824,0,Grombalia,205,23,2026-04-06 05:00:23.660,2026-04-06 05:00:23.660,43,0
323,2024-2025,2,Cash,Transport,Expenditure,24-08-2024,20240824,0,Grombalia,205,23,2026-04-06 05:00:23.660,2026-04-06 05:00:23.660,44,0
324,2024-2025,2,Cash,Food,Expenditure,24-08-2024,20240824,10700,Grombalia,205,23,2026-04-06 05:00:23.660,2026-04-06 05:00:23.660,45,0
325,2024-2025,2,Cash,Different,Expenditure,24-08-2024,20240824,0,Grombalia,205,23,2026-04-06 05:00:23.660,2026-04-06 05:00:23.660,46,0
326,2024-2025,2,Cash,Medias,Expenditure,24-08-2024,20240824,0,Grombalia,205,23,2026-04-06 05:00:23.660,2026-04-06 05:00:23.660,47,0
327,2024-2025,2,Cash,Insurance And Treatment,Expenditure,24-08-2024,20240824,41310,Grombalia,205,23,2026-04-06 05:00:23.660,2026-04-06 05:00:23.660,48,0
328,2024-2025,2,Cash,Salaries,Expenditure,24-08-2024,20240824,0,Grombalia,205,23,2026-04-06 05:00:23.660,2026-04-06 05:00:23.660,49,0
329,2024-2025,2,Cash,Educational Equipment,Expenditure,24-08-2024,20240824,0,Grombalia,205,23,2026-04-06 05:00:23.660,2026-04-06 05:00:23.660,50,0
330,2024-2025,2,Cash,Trips,Expenditure,24-08-2024,20240824,0,Grombalia,205,23,2026-04-06 05:00:23.660,2026-04-06 05:00:23.660,51,0
331,2024-2025,2,Cash,Equipment,Expenditure,24-08-2024,20240824,0,Grombalia,205,23,2026-04-06 05:00:23.660,2026-04-06 05:00:23.660,52,0
332,2024-2025,2,Cash,Transport,Expenditure,24-08-2024,20240824,0,Grombalia,205,23,2026-04-06 05:00:23.660,2026-04-06 05:00:23.660,53,0
333,2024-2025,2,Cash,Food,Expenditure,24-08-2024,20240824,0,Grombalia,205,23,2026-04-06 05:00:23.660,NULL,54,1
334,2024-2025,2,Cash,Different,Expenditure,26-05-2024,20240526,0,Grombalia,205,23,2026-04-06 05:00:23.660,2026-04-06 05:00:23.660,1,0
335,2024-2025,2,Cash,Medias,Expenditure,26-05-2024,20240526,0,Grombalia,205,23,2026-04-06 05:00:23.660,2026-04-06 05:00:23.660,2,0
336,2024-2025,2,Cash,Insurance And Treatment,Expenditure,26-05-2024,20240526,0,Grombalia,205,23,2026-04-06 05:00:23.660,2026-04-06 05:00:23.660,3,0
337,2024-2025,2,Cash,Salaries,Expenditure,26-05-2024,20240526,0,Grombalia,205,23,2026-04-06 05:00:23.660,2026-04-06 05:00:23.660,4,0
338,2024-2025,2,Cash,Educational Equipment,Expenditure,26-05-2024,20240526,0,Grombalia,205,23,2026-04-06 05:00:23.660,2026-04-06 05:00:23.660,5,0
339,2024-2025,2,Cash,Trips,Expenditure,26-05-2024,20240526,0,Grombalia,205,23,2026-04-06 05:00:23.660,2026-04-06 05:00:23.660,6,0
340,2024-2025,2,Cash,Equipment,Expenditure,26-05-2024,20240526,0,Grombalia,205,23,2026-04-06 05:00:23.660,2026-04-06 05:00:23.660,7,0
341,2024-2025,2,Cash,Transport,Expenditure,26-05-2024,20240526,244800,Grombalia,205,23,2026-04-06 05:00:23.660,2026-04-06 05:00:23.660,8,0
342,2024-2025,2,Cash,Food,Expenditure,26-05-2024,20240526,0,Grombalia,205,23,2026-04-06 05:00:23.660,NULL,9,1
343,2024-2025,2,Cash,Membership Fee,Internal Income,10-08-2024,20240810,1490000,Grombalia,205,23,2026-04-06 05:00:23.660,NULL,1,1
344,2024-2025,2,Cash,Membership Fee,Internal Income,15-08-2024,20240815,54000,Grombalia,205,23,2026-04-06 05:00:23.660,NULL,1,1
345,2024-2025,2,Cash,Support,Internal Income,16-08-2024,20240816,60000,Grombalia,205,23,2026-04-06 05:00:23.660,NULL,1,1
346,2024-2025,2,Cash,Support,Internal Income,18-08-2024,20240818,100000,Grombalia,205,23,2026-04-06 05:00:23.660,2026-04-06 05:00:23.660,10,0
347,2024-2025,2,Cash,Support,External Income - Nawras,18-08-2024,20240818,200000,Grombalia,205,23,2026-04-06 05:00:23.660,NULL,11,1
348,2025-2026,3,Cash,Educational Equipment,Expenditure,06-08-2025,20250806,3000,Matouia,-1,-1,2026-04-06 05:00:23.660,2026-04-06 05:00:23.660,1,0
349,2025-2026,3,Cash,Educational Equipment,Expenditure,06-08-2025,20250806,12815,Matouia,-1,-1,2026-04-06 05:00:23.660,2026-04-06 05:00:23.660,2,0
350,2025-2026,3,Cash,Educational Equipment,Expenditure,06-08-2025,20250806,5450,Matouia,-1,-1,2026-04-06 05:00:23.660,2026-04-06 05:00:23.660,3,0
351,2025-2026,3,Cash,Food,Expenditure,06-08-2025,20250806,28000,Matouia,-1,-1,2026-04-06 05:00:23.660,2026-04-06 05:00:23.660,4,0
352,2025-2026,3,Cash,Food,Expenditure,06-08-2025,20250806,79390,Matouia,-1,-1,2026-04-06 05:00:23.660,2026-04-06 05:00:23.660,5,0
353,2025-2026,3,Cash,Insurance And Treatment,Expenditure,06-08-2025,20250806,3430,Matouia,-1,-1,2026-04-06 05:00:23.660,2026-04-06 05:00:23.660,6,0
354,2025-2026,3,Cash,Food,Expenditure,06-08-2025,20250806,25350,Matouia,-1,-1,2026-04-06 05:00:23.660,2026-04-06 05:00:23.660,7,0
355,2025-2026,3,Cash,Food,Expenditure,06-08-2025,20250806,25667,Matouia,-1,-1,2026-04-06 05:00:23.660,2026-04-06 05:00:23.660,8,0
356,2025-2026,3,Cash,Food,Expenditure,06-08-2025,20250806,8200,Matouia,-1,-1,2026-04-06 05:00:23.660,2026-04-06 05:00:23.660,9,0
357,2025-2026,3,Cash,Educational Equipment,Expenditure,06-08-2025,20250806,6000,Matouia,-1,-1,2026-04-06 05:00:23.660,NULL,10,1
358,2025-2026,3,Cash,Food,Expenditure,05-08-2025,20250805,18000,Matouia,-1,-1,2026-04-06 05:00:23.660,2026-04-06 05:00:23.660,1,0
359,2025-2026,3,Cash,Educational Equipment,Expenditure,05-08-2025,20250805,450000,Matouia,-1,-1,2026-04-06 05:00:23.660,NULL,2,1
360,2025-2026,3,Cash,Educational Equipment,Expenditure,29-07-2025,20250729,810000,Matouia,-1,-1,2026-04-06 05:00:23.660,NULL,1,1
361,2025-2026,3,Cash,Food,Expenditure,07-08-2025,20250807,128690,Matouia,-1,-1,2026-04-06 05:00:23.660,2026-04-06 05:00:23.660,1,0
362,2025-2026,3,Cash,Food,Expenditure,07-08-2025,20250807,64000,Matouia,-1,-1,2026-04-06 05:00:23.660,2026-04-06 05:00:23.660,2,0
363,2025-2026,3,Cash,Food,Expenditure,07-08-2025,20250807,12800,Matouia,-1,-1,2026-04-06 05:00:23.660,2026-04-06 05:00:23.660,3,0
364,2025-2026,3,Cash,Food,Expenditure,07-08-2025,20250807,130750,Matouia,-1,-1,2026-04-06 05:00:23.660,2026-04-06 05:00:23.660,4,0
365,2025-2026,3,Cash,Trips,Expenditure,07-08-2025,20250807,336000,Matouia,-1,-1,2026-04-06 05:00:23.660,2026-04-06 05:00:23.660,5,0
366,2025-2026,3,Cash,Food,Expenditure,07-08-2025,20250807,12800,Matouia,-1,-1,2026-04-06 05:00:23.660,2026-04-06 05:00:23.660,6,0
367,2025-2026,3,Cash,Food,Expenditure,07-08-2025,20250807,11300,Matouia,-1,-1,2026-04-06 05:00:23.660,2026-04-06 05:00:23.660,7,0
368,2025-2026,3,Cash,Equipment,Expenditure,07-08-2025,20250807,9500,Matouia,-1,-1,2026-04-06 05:00:23.660,NULL,8,1
369,2025-2026,3,Cash,Food,Expenditure,08-08-2025,20250808,20000,Matouia,-1,-1,2026-04-06 05:00:23.660,2026-04-06 05:00:23.660,1,0
370,2025-2026,3,Cash,Food,Expenditure,08-08-2025,20250808,6000,Matouia,-1,-1,2026-04-06 05:00:23.660,2026-04-06 05:00:23.660,2,0
371,2025-2026,3,Cash,Food,Expenditure,08-08-2025,20250808,10800,Matouia,-1,-1,2026-04-06 05:00:23.660,2026-04-06 05:00:23.660,3,0
372,2025-2026,3,Cash,Educational Equipment,Expenditure,08-08-2025,20250808,7700,Matouia,-1,-1,2026-04-06 05:00:23.660,2026-04-06 05:00:23.660,4,0
373,2025-2026,3,Cash,Equipment,Expenditure,08-08-2025,20250808,27000,Matouia,-1,-1,2026-04-06 05:00:23.660,2026-04-06 05:00:23.660,5,0
374,2025-2026,3,Cash,Educational Equipment,Expenditure,08-08-2025,20250808,4000,Matouia,-1,-1,2026-04-06 05:00:23.660,2026-04-06 05:00:23.660,6,0
375,2025-2026,3,Cash,Food,Expenditure,08-08-2025,20250808,13800,Matouia,-1,-1,2026-04-06 05:00:23.660,2026-04-06 05:00:23.660,7,0
376,2025-2026,3,Cash,Food,Expenditure,08-08-2025,20250808,10000,Matouia,-1,-1,2026-04-06 05:00:23.660,NULL,8,1
377,2025-2026,3,Cash,Food,Expenditure,09-08-2025,20250809,57200,Matouia,-1,-1,2026-04-06 05:00:23.660,2026-04-06 05:00:23.660,1,0
378,2025-2026,3,Cash,Trips,Expenditure,09-08-2025,20250809,1872000,Matouia,-1,-1,2026-04-06 05:00:23.660,2026-04-06 05:00:23.660,2,0
379,2025-2026,3,Cash,Food,Expenditure,09-08-2025,20250809,420000,Matouia,-1,-1,2026-04-06 05:00:23.660,2026-04-06 05:00:23.660,3,0
380,2025-2026,3,Cash,Food,Expenditure,09-08-2025,20250809,12600,Matouia,-1,-1,2026-04-06 05:00:23.660,2026-04-06 05:00:23.660,4,0
381,2025-2026,3,Cash,Equipment,Expenditure,09-08-2025,20250809,8000,Matouia,-1,-1,2026-04-06 05:00:23.660,NULL,5,1
382,2025-2026,3,Cash,Insurance And Treatment,Expenditure,10-08-2025,20250810,10000,Matouia,-1,-1,2026-04-06 05:00:23.660,2026-04-06 05:00:23.660,1,0
383,2025-2026,3,Cash,Food,Expenditure,10-08-2025,20250810,57000,Matouia,-1,-1,2026-04-06 05:00:23.660,2026-04-06 05:00:23.660,2,0
384,2025-2026,3,Cash,Educational Equipment,Expenditure,10-08-2025,20250810,8500,Matouia,-1,-1,2026-04-06 05:00:23.660,2026-04-06 05:00:23.660,3,0
385,2025-2026,3,Cash,Insurance And Treatment,Expenditure,10-08-2025,20250810,7980,Matouia,-1,-1,2026-04-06 05:00:23.660,2026-04-06 05:00:23.660,4,0
386,2025-2026,3,Cash,Food,Expenditure,10-08-2025,20250810,17100,Matouia,-1,-1,2026-04-06 05:00:23.660,2026-04-06 05:00:23.660,5,0
387,2025-2026,3,Cash,Food,Expenditure,10-08-2025,20250810,13900,Matouia,-1,-1,2026-04-06 05:00:23.660,2026-04-06 05:00:23.660,6,0
388,2025-2026,3,Cash,Food,Expenditure,10-08-2025,20250810,77050,Matouia,-1,-1,2026-04-06 05:00:23.660,2026-04-06 05:00:23.660,7,0
389,2025-2026,3,Cash,Educational Equipment,Expenditure,10-08-2025,20250810,1000,Matouia,-1,-1,2026-04-06 05:00:23.660,2026-04-06 05:00:23.660,8,0
390,2025-2026,3,Cash,Insurance And Treatment,Expenditure,10-08-2025,20250810,11020,Matouia,-1,-1,2026-04-06 05:00:23.660,2026-04-06 05:00:23.660,9,0
391,2025-2026,3,Cash,Food,Expenditure,10-08-2025,20250810,8700,Matouia,-1,-1,2026-04-06 05:00:23.660,NULL,10,1
392,2025-2026,3,Cash,Food,Expenditure,11-08-2025,20250811,9740,Matouia,-1,-1,2026-04-06 05:00:23.660,2026-04-06 05:00:23.660,1,0
393,2025-2026,3,Cash,Food,Expenditure,11-08-2025,20250811,22800,Matouia,-1,-1,2026-04-06 05:00:23.660,2026-04-06 05:00:23.660,2,0
394,2025-2026,3,Cash,Food,Expenditure,11-08-2025,20250811,57000,Matouia,-1,-1,2026-04-06 05:00:23.660,2026-04-06 05:00:23.660,3,0
395,2025-2026,3,Cash,Food,Expenditure,11-08-2025,20250811,7600,Matouia,-1,-1,2026-04-06 05:00:23.660,2026-04-06 05:00:23.660,4,0
396,2025-2026,3,Cash,Equipment,Expenditure,11-08-2025,20250811,9000,Matouia,-1,-1,2026-04-06 05:00:23.660,2026-04-06 05:00:23.660,5,0
397,2025-2026,3,Cash,Trips,Expenditure,11-08-2025,20250811,400000,Matouia,-1,-1,2026-04-06 05:00:23.660,2026-04-06 05:00:23.660,6,0
398,2025-2026,3,Cash,Food,Expenditure,12-08-2025,20250812,9620,Matouia,-1,-1,2026-04-06 05:00:23.660,2026-04-06 05:00:23.660,1,0
399,2025-2026,3,Cash,Food,Expenditure,12-08-2025,20250812,84873,Matouia,-1,-1,2026-04-06 05:00:23.660,2026-04-06 05:00:23.660,2,0
400,2025-2026,3,Cash,Food,Expenditure,12-08-2025,20250812,46350,Matouia,-1,-1,2026-04-06 05:00:23.660,2026-04-06 05:00:23.660,3,0
401,2025-2026,3,Cash,Food,Expenditure,12-08-2025,20250812,9000,Matouia,-1,-1,2026-04-06 05:00:23.660,2026-04-06 05:00:23.660,4,0
402,2025-2026,3,Cash,Educational Equipment,Expenditure,12-08-2025,20250812,23000,Matouia,-1,-1,2026-04-06 05:00:23.660,2026-04-06 05:00:23.660,5,0
403,2025-2026,3,Cash,Food,Expenditure,12-08-2025,20250812,33000,Matouia,-1,-1,2026-04-06 05:00:23.660,2026-04-06 05:00:23.660,6,0
404,2025-2026,3,Cash,Food,Expenditure,12-08-2025,20250812,15800,Matouia,-1,-1,2026-04-06 05:00:23.660,2026-04-06 05:00:23.660,7,0
405,2025-2026,3,Cash,Educational Equipment,Expenditure,12-08-2025,20250812,3500,Matouia,-1,-1,2026-04-06 05:00:23.660,2026-04-06 05:00:23.660,8,0
406,2025-2026,3,Cash,Insurance And Treatment,Expenditure,12-08-2025,20250812,25650,Matouia,-1,-1,2026-04-06 05:00:23.660,2026-04-06 05:00:23.660,9,0
407,2025-2026,3,Cash,Equipment,Expenditure,12-08-2025,20250812,8800,Matouia,-1,-1,2026-04-06 05:00:23.660,2026-04-06 05:00:23.660,10,0
408,2025-2026,3,Cash,Food,Expenditure,12-08-2025,20250812,60800,Matouia,-1,-1,2026-04-06 05:00:23.660,2026-04-06 05:00:23.660,11,0
409,2025-2026,3,Cash,Food,Expenditure,12-08-2025,20250812,74800,Matouia,-1,-1,2026-04-06 05:00:23.660,2026-04-06 05:00:23.660,12,0
410,2025-2026,3,Cash,Transport,Expenditure,12-08-2025,20250812,577400,Matouia,-1,-1,2026-04-06 05:00:23.660,2026-04-06 05:00:23.660,13,0
411,2025-2026,3,Cash,Transport,Expenditure,12-08-2025,20250812,2500000,Matouia,-1,-1,2026-04-06 05:00:23.660,2026-04-06 05:00:23.660,14,0
412,2025-2026,3,Cash,Different,Expenditure,12-08-2025,20250812,200000,Matouia,-1,-1,2026-04-06 05:00:23.660,2026-04-06 05:00:23.660,15,0
413,2025-2026,3,Cash,Equipment,Expenditure,12-08-2025,20250812,200000,Matouia,-1,-1,2026-04-06 05:00:23.660,NULL,16,1
414,2025-2026,3,Cash,Support,Internal,11-08-2025,20250811,500000,Matouia,-1,-1,2026-04-06 05:00:23.660,NULL,7,1
